1a.JPG,neutral
2a.JPG,neutral
3a.JPG,neutral
4a.JPG,neutral
5a.JPG,neutral
6a.JPG,neutral
7a.JPG,neutral
8a.JPG,neutral
9a.JPG,neutral
10a.JPG,neutral
11a.JPG,neutral
12a.JPG,neutral
13a.JPG,neutral
14a.JPG,neutral
15a.JPG,neutral
16a.JPG,neutral
17a.JPG,neutral
18a.JPG,neutral
19a.JPG,neutral
20a.JPG,neutral
21a.JPG,neutral
22a.JPG,neutral
23a.JPG,neutral
24a.JPG,neutral
25a.JPG,neutral
26a.JPG,neutral
27a.JPG,neutral
28a.JPG,neutral
29a.JPG,neutral
30a.JPG,neutral
31a.JPG,neutral
32a.JPG,neutral
33a.JPG,neutral
34a.JPG,neutral
35a.JPG,neutral
36a.JPG,neutral
37a.JPG,neutral
38a.JPG,neutral
39a.JPG,neutral
40a.JPG,neutral
41a.JPG,neutral
42a.JPG,neutral
43a.JPG,neutral
44a.JPG,neutral
45a.JPG,neutral
46a.JPG,neutral
47a.JPG,neutral
48a.JPG,neutral
49a.JPG,neutral
50a.JPG,neutral
51a.JPG,neutral
52a.JPG,neutral
53a.JPG,neutral
54a.JPG,neutral
55a.JPG,neutral
56a.JPG,neutral
57a.JPG,neutral
58a.JPG,neutral
59a.JPG,neutral
60a.JPG,neutral
61a.JPG,neutral
62a.JPG,neutral
63a.JPG,neutral
64a.JPG,neutral
65a.JPG,neutral
66a.JPG,neutral
67a.JPG,neutral
68a.JPG,neutral
69a.JPG,neutral
70a.JPG,neutral
71a.JPG,neutral
72a.JPG,neutral
73a.JPG,neutral
74a.JPG,neutral
75a.JPG,neutral
76a.JPG,neutral
77a.JPG,neutral
78a.JPG,neutral
79a.JPG,neutral
80a.JPG,neutral
81a.JPG,neutral
82a.JPG,neutral
83a.JPG,neutral
84a.JPG,neutral
85a.JPG,neutral
86a.JPG,neutral
87a.JPG,neutral
88a.JPG,neutral
89a.JPG,neutral
90a.JPG,neutral
91a.JPG,neutral
92a.JPG,neutral
93a.JPG,neutral
94a.JPG,neutral
95a.JPG,neutral
96a.JPG,neutral
97a.JPG,neutral
98a.JPG,neutral
99a.JPG,neutral
100a.JPG,neutral
101a.JPG,neutral
102a.JPG,neutral
103a.JPG,neutral
104a.JPG,neutral
105a.JPG,neutral
106a.JPG,neutral
107a.JPG,neutral
108a.JPG,neutral
109a.JPG,neutral
110a.JPG,neutral
111a.JPG,neutral
112a.JPG,neutral
113a.JPG,neutral
114a.JPG,neutral
115a.JPG,neutral
116a.JPG,neutral
117a.JPG,neutral
118a.JPG,neutral
119a.JPG,neutral
120a.JPG,neutral
121a.JPG,neutral
122a.JPG,neutral
123a.JPG,neutral
124a.JPG,neutral
125a.JPG,neutral
126a.JPG,neutral
127a.JPG,neutral
128a.JPG,neutral
129a.JPG,neutral
130a.JPG,neutral
131a.JPG,neutral
132a.JPG,neutral
133a.JPG,neutral
134a.JPG,neutral
135a.JPG,neutral
136a.JPG,neutral
137a.JPG,neutral
138a.JPG,neutral
139a.JPG,neutral
140a.JPG,neutral
141a.JPG,neutral
142a.JPG,neutral
143a.JPG,neutral
144a.JPG,neutral
145a.JPG,neutral
146a.JPG,neutral
147a.JPG,neutral
148a.JPG,neutral
149a.JPG,neutral
150a.JPG,neutral
151a.JPG,neutral
152a.JPG,neutral
153a.JPG,neutral
154a.JPG,neutral
155a.JPG,neutral
156a.JPG,neutral
157a.JPG,neutral
158a.JPG,neutral
159a.JPG,neutral
160a.JPG,neutral
161a.JPG,neutral
162a.JPG,neutral
163a.JPG,neutral
164a.JPG,neutral
165a.JPG,neutral
166a.JPG,neutral
167a.JPG,neutral
168a.JPG,neutral
169a.JPG,neutral
170a.JPG,neutral
171a.JPG,neutral
172a.JPG,neutral
173a.JPG,neutral
174a.JPG,neutral
175a.JPG,neutral
176a.JPG,neutral
177a.JPG,neutral
178a.JPG,neutral
179a.JPG,neutral
180a.JPG,neutral
181a.JPG,neutral
182a.JPG,neutral
183a.JPG,neutral
184a.JPG,neutral
185a.JPG,neutral
186a.JPG,neutral
187a.JPG,neutral
188a.JPG,neutral
189a.JPG,neutral
190a.JPG,neutral
191a.JPG,neutral
192a.JPG,neutral
193a.JPG,neutral
194a.JPG,neutral
195a.JPG,neutral
196a.JPG,neutral
197a.JPG,neutral
198a.JPG,neutral
199a.JPG,neutral
200a.JPG,neutral
1b.JPG,happy
2b.JPG,happy
3b.JPG,happy
4b.JPG,happy
5b.JPG,happy
6b.JPG,happy
7b.JPG,happy
8b.JPG,happy
9b.JPG,happy
10b.JPG,happy
11b.JPG,happy
12b.JPG,happy
13b.JPG,happy
14b.JPG,happy
15b.JPG,happy
16b.JPG,happy
17b.JPG,happy
18b.JPG,happy
19b.JPG,happy
20b.JPG,happy
21b.JPG,happy
22b.JPG,happy
23b.JPG,happy
24b.JPG,happy
25b.JPG,happy
26b.JPG,happy
27b.JPG,happy
28b.JPG,happy
29b.JPG,happy
30b.JPG,happy
31b.JPG,happy
32b.JPG,happy
33b.JPG,happy
34b.JPG,happy
35b.JPG,happy
36b.JPG,happy
37b.JPG,happy
38b.JPG,happy
39b.JPG,happy
40b.JPG,happy
41b.JPG,happy
42b.JPG,happy
43b.JPG,happy
44b.JPG,happy
45b.JPG,happy
46b.JPG,happy
47b.JPG,happy
48b.JPG,happy
49b.JPG,happy
50b.JPG,happy
51b.JPG,happy
52b.JPG,happy
53b.JPG,happy
54b.JPG,happy
55b.JPG,happy
56b.JPG,happy
57b.JPG,happy
58b.JPG,happy
59b.JPG,happy
60b.JPG,happy
61b.JPG,happy
62b.JPG,happy
63b.JPG,happy
64b.JPG,happy
65b.JPG,happy
66b.JPG,happy
67b.JPG,happy
68b.JPG,happy
69b.JPG,happy
70b.JPG,happy
71b.JPG,happy
72b.JPG,happy
73b.JPG,happy
74b.JPG,happy
75b.JPG,happy
76b.JPG,happy
77b.JPG,happy
78b.JPG,happy
79b.JPG,happy
80b.JPG,happy
81b.JPG,happy
82b.JPG,happy
83b.JPG,happy
84b.JPG,happy
85b.JPG,happy
86b.JPG,happy
87b.JPG,happy
88b.JPG,happy
89b.JPG,happy
90b.JPG,happy
91b.JPG,happy
92b.JPG,happy
93b.JPG,happy
94b.JPG,happy
95b.JPG,happy
96b.JPG,happy
97b.JPG,happy
98b.JPG,happy
99b.JPG,happy
100b.JPG,happy
101b.JPG,happy
102b.JPG,happy
103b.JPG,happy
104b.JPG,happy
105b.JPG,happy
106b.JPG,happy
107b.JPG,happy
108b.JPG,happy
109b.JPG,happy
110b.JPG,happy
111b.JPG,happy
112b.JPG,happy
113b.JPG,happy
114b.JPG,happy
115b.JPG,happy
116b.JPG,happy
117b.JPG,happy
118b.JPG,happy
119b.JPG,happy
120b.JPG,happy
121b.JPG,happy
122b.JPG,happy
123b.JPG,happy
124b.JPG,happy
125b.JPG,happy
126b.JPG,happy
127b.JPG,happy
128b.JPG,happy
129b.JPG,happy
130b.JPG,happy
131b.JPG,happy
132b.JPG,happy
133b.JPG,happy
134b.JPG,happy
135b.JPG,happy
136b.JPG,happy
137b.JPG,happy
138b.JPG,happy
139b.JPG,happy
140b.JPG,happy
141b.JPG,happy
142b.JPG,happy
143b.JPG,happy
144b.JPG,happy
145b.JPG,happy
146b.JPG,happy
147b.JPG,happy
148b.JPG,happy
149b.JPG,happy
150b.JPG,happy
151b.JPG,happy
152b.JPG,happy
153b.JPG,happy
154b.JPG,happy
155b.JPG,happy
156b.JPG,happy
157b.JPG,happy
158b.JPG,happy
159b.JPG,happy
160b.JPG,happy
161b.JPG,happy
162b.JPG,happy
163b.JPG,happy
164b.JPG,happy
165b.JPG,happy
166b.JPG,happy
167b.JPG,happy
168b.JPG,happy
169b.JPG,happy
170b.JPG,happy
171b.JPG,happy
172b.JPG,happy
173b.JPG,happy
174b.JPG,happy
175b.JPG,happy
176b.JPG,happy
177b.JPG,happy
178b.JPG,happy
179b.JPG,happy
180b.JPG,happy
181b.JPG,happy
182b.JPG,happy
183b.JPG,happy
184b.JPG,happy
185b.JPG,happy
186b.JPG,happy
187b.JPG,happy
188b.JPG,happy
189b.JPG,happy
190b.JPG,happy
191b.JPG,happy
192b.JPG,happy
193b.JPG,happy
194b.JPG,happy
195b.JPG,happy
196b.JPG,happy
197b.JPG,happy
198b.JPG,happy
199b.JPG,happy
200b.JPG,happy